command,mean,stddev,user,system,min,max
target/release/mkhtml < input/folha8.OUT.txt,2.60253033348,0.08275170634199504,1.8831000649999996,0.6460979099999998,2.52186435128,2.81453793628
